{
    "name": "foo-bar",
    "version": "1.2.0",
    "scripts": [
        "//code.jquery.com/jquery-1.11.3.min.js",
        "//ajax.googleapis.com/ajax/libs/angularjs/1.3.14/angular.min.js",
        "//code.angularjs.org/1.3.14/angular-resource.js",
        "//cdnjs.cloudflare.com/ajax/libs/moment.js/2.10.3/moment.min.js",
        "liveblog-embed/main.js",
        "liveblog-embed/resources.service.js",
        "liveblog-embed/pages-manager.service.js",
        "liveblog-embed/directives.js",
        "liveblog-embed/filters.js"
    ],
    "options": [
        {
            "name": "postsPerPage",
            "label": "Number of posts per page",
            "type": "number",
            "default": 10,
            "help": "Set the number of posts you want to see at the initialization"
        }
    ]
}
